{"critic_loss": [-0.5527006983757019, -0.4800181984901428, -0.4861795902252197, -0.3901808261871338, -0.3917919993400574, -0.3693707287311554, -0.3309440612792969, -0.3015872836112976, -0.2880593538284302, -0.3410069942474365, -0.34369391202926636, -0.21662884950637817, -0.29362037777900696, -0.25417232513427734, -0.31429579854011536, -0.30841150879859924, -0.2380390614271164, -0.25060489773750305, -0.18302997946739197, -0.20041076838970184, -0.17385059595108032, -0.2008904069662094, -0.2528749704360962, -0.18179701268672943, -0.21922868490219116, -0.2277698516845703, -0.22079358994960785, -0.28463125228881836, -0.26851171255111694, -0.28041335940361023, -0.2521267235279083, -0.24666613340377808, -0.19367924332618713, -0.16924428939819336, -0.23470532894134521, -0.2454618513584137, -0.20339787006378174, -0.20134995877742767, -0.18707884848117828, -0.1516426056623459, -0.21885433793067932, -0.18005001544952393, -0.2415640652179718, -0.20373302698135376, -0.19704660773277283, -0.20675648748874664, -0.23843199014663696, -0.23774731159210205, -0.1977110505104065, -0.24465443193912506], "gen_loss": [0.280476450920105, 0.24831902980804443, 0.24735410511493683, 0.24662768840789795, 0.19813841581344604, 0.21664050221443176, 0.12459259480237961, 0.16450487077236176, 0.13777083158493042, 0.1421310007572174, 0.1994224488735199, 0.1372395157814026, 0.18710607290267944, 0.11878926306962967, 0.13089463114738464, 0.20066018402576447, 0.10554547607898712, 0.14580537378787994, 0.2117050290107727, 0.1542285531759262, 0.18492765724658966, 0.1604359745979309, 0.05496079474687576, 0.03320799022912979, 0.17947348952293396, 0.17310912907123566, 0.17384018003940582, 0.1580842137336731, 0.09876807034015656, 0.1036134660243988, 0.05632391571998596, 0.17456719279289246, 0.15103471279144287, 0.12271613627672195, 0.14268141984939575, 0.08062751591205597, 0.17429643869400024, 0.1310405135154724, 0.10243891924619675, 0.17881999909877777, 0.0009284131228923798, 0.0695275366306305, 0.13622616231441498, 0.06613542884588242, 0.1996772289276123, 0.04480375349521637, 0.1721225082874298, 0.007440641522407532, 0.1863192319869995, 0.059408821165561676]}